user_id,name,age,sex,income
2.0,이현준,10,남자,550
3.0,한시호,10,남자,160
4.0,박선재,10,남자,1410
6.0,최세민,10,남자,1140
7.0,최지호,10,남자,1640
8.0,이경환,10,남자,1600
9.0,임이준,10,남자,2410
10.0,이제민,10,남자,890
11.0,정지호,10,남자,2640
12.0,김지환,10,남자,260
13.0,백승현,10,남자,2740
14.0,이민규,10,남자,1550
15.0,안대현,10,남자,650
16.0,윤선우,10,남자,1000
18.0,최정윤,10,남자,1330
20.0,박윤혁,10,남자,560
23.0,정주성,10,남자,880
24.0,김규원,10,남자,370
25.0,박지윤,10,남자,2160
26.0,오우재,10,남자,560
27.0,유윤찬,10,남자,120
28.0,박세영,10,남자,1310
29.0,김상원,10,남자,1720
30.0,손한울,10,남자,1210
32.0,안윤상,10,남자,1220
33.0,김시원,10,남자,1220
35.0,김재하,10,남자,50
36.0,최한결,10,남자,1340
37.0,조예준,10,남자,1470
40.0,박여준,10,남자,850
42.0,박승헌,10,남자,260
44.0,황예성,10,남자,1180
46.0,박은성,10,남자,130
47.0,김민준,10,남자,460
48.0,이하준,10,남자,1160
49.0,박동현,10,남자,2330
50.0,김영호,10,남자,1080
53.0,이세훈,10,남자,3130
56.0,송정혁,10,남자,270
57.0,김재민,10,남자,590
60.0,심세준,10,남자,1620
61.0,강은석,10,남자,1010
63.0,이범석,10,남자,2400
64.0,이무진,10,남자,1340
66.0,이재현,10,남자,300
67.0,김라온,10,남자,480
69.0,신시윤,10,남자,970
70.0,윤인후,10,남자,130
71.0,강형준,10,남자,280
72.0,이승규,10,남자,870
73.0,정은규,10,남자,190
74.0,조하온,10,남자,340
75.0,박범수,10,남자,30
76.0,탁준서,10,남자,1640
77.0,강현승,10,남자,1280
78.0,한진성,10,남자,1410
79.0,전연후,10,남자,1160
80.0,송로한,10,남자,1270
82.0,김지민,10,남자,1870
83.0,김찬혁,10,남자,1630
86.0,김규원,10,남자,640
87.0,한유찬,10,남자,1840
88.0,김하겸,10,남자,1690
89.0,김윤오,10,남자,1260
90.0,지수호,10,남자,680
91.0,장태연,10,남자,980
92.0,김태규,10,남자,750
93.0,조윤오,10,남자,160
94.0,안도운,10,남자,1140
96.0,박주원,10,남자,1740
98.0,전승원,10,남자,310
99.0,서원우,10,남자,1440
100.0,도무빈,10,남자,1320
101.0,장선준,10,남자,930
102.0,유시원,10,남자,2420
103.0,최주한,10,남자,600
105.0,차상빈,10,남자,1000
109.0,한채환,10,남자,2400
111.0,이민균,10,남자,2070
112.0,권상진,10,남자,370
113.0,이형우,10,남자,1870
114.0,박수호,10,남자,1760
115.0,김효준,10,남자,3280
116.0,이은성,10,남자,450
117.0,윤주찬,10,남자,1090
118.0,장아론,10,남자,2110
119.0,정서준,10,남자,3060
121.0,김은찬,10,남자,1500
122.0,김승원,10,남자,1330
123.0,이유찬,10,남자,3240
124.0,이도윤,10,남자,950
128.0,김영훈,10,남자,1760
130.0,김지훈,10,남자,1120
131.0,고예준,10,남자,100
133.0,이경원,10,남자,970
134.0,석지후,10,남자,580
135.0,신리안,10,남자,110
136.0,박도경,10,남자,260
137.0,박건후,10,남자,1330
138.0,김채우,10,남자,1470
139.0,안민준,10,남자,1160
140.0,안준우,10,남자,680
141.0,정다원,10,남자,680
142.0,김지훈,10,남자,540
143.0,윤유하,10,남자,160
144.0,김성현,10,남자,1310
145.0,신수혁,10,남자,2230
146.0,안환,10,남자,1540
148.0,김은재,10,남자,2190
149.0,이주원,10,남자,710
152.0,김석현,10,남자,2060
154.0,김민준,10,남자,900
155.0,김연준,10,남자,1710
156.0,김준이,10,남자,50
157.0,강하준,10,남자,2700
159.0,윤정인,10,남자,590
160.0,김현빈,10,남자,1620
161.0,안우찬,10,남자,1580
164.0,이시후,10,남자,2120
166.0,이희준,10,남자,1320
170.0,이우진,10,남자,460
171.0,유도엽,10,남자,520
173.0,김영찬,10,남자,2460
175.0,손채민,10,남자,2350
177.0,임도균,10,남자,160
178.0,윤도엽,10,남자,1400
179.0,박지호,10,남자,1450
180.0,김동혁,10,남자,400
181.0,홍주영,10,남자,160
182.0,라현규,10,남자,400
183.0,양태윤,10,남자,1410
184.0,이우주,10,남자,1870
188.0,노이삭,10,남자,560
190.0,송경준,10,남자,90
193.0,이동후,10,남자,1840
194.0,김시원,10,남자,1450
197.0,강예찬,10,남자,140
198.0,윤혜준,10,남자,440
199.0,이다니엘,10,남자,70
202.0,박주완,10,남자,480
203.0,정하진,10,남자,1190
204.0,유서윤,10,남자,480
205.0,백휘,10,남자,260
207.0,구이한,10,남자,20
210.0,최민준,10,남자,980
212.0,최유승,10,남자,200
213.0,권선준,10,남자,820
214.0,정서진,10,남자,80
215.0,안현우,10,남자,920
217.0,신성혁,10,남자,2280
218.0,이태현,10,남자,1990
219.0,정윤우,10,남자,1840
222.0,안강,10,남자,890
224.0,한정현,10,남자,50
225.0,황은혁,10,남자,330
226.0,이건형,10,남자,1780
227.0,이건,10,남자,600
228.0,김우준,10,남자,660
229.0,김우준,10,남자,1250
230.0,이도현,10,남자,2000
231.0,이지한,10,남자,570
232.0,최시원,20,남자,3960
233.0,김동연,20,남자,3900
235.0,차강준,20,남자,2470
237.0,이원우,20,남자,930
239.0,손주원,20,남자,2150
240.0,이호영,20,남자,1690
243.0,이현석,20,남자,2890
244.0,윤민호,20,남자,2990
245.0,김인우,20,남자,4310
246.0,고동진,20,남자,2450
248.0,최유찬,20,남자,1840
250.0,권다니엘,20,남자,1590
251.0,전지찬,20,남자,2340
252.0,서지우,20,남자,1830
253.0,정선호,20,남자,3990
254.0,석무진,20,남자,3830
256.0,한유하,20,남자,780
257.0,송경민,20,남자,1600
258.0,이정민,20,남자,2060
259.0,진종혁,20,남자,2820
260.0,김예준,20,남자,1850
261.0,백태성,20,남자,1440
262.0,이현성,20,남자,1670
268.0,신정운,20,남자,1750
269.0,윤효준,20,남자,1640
270.0,이서준,20,남자,1880
273.0,정태규,20,남자,1720
275.0,강상우,20,남자,1610
276.0,이지후,20,남자,1950
278.0,장혜준,20,남자,3030
279.0,박주원,20,남자,3100
281.0,서현도,20,남자,2590
282.0,남지우,20,남자,1720
283.0,주서후,20,남자,1790
287.0,김연우,20,남자,1400
288.0,정호영,20,남자,1830
289.0,강지웅,20,남자,3040
292.0,이신우,20,남자,2860
295.0,박승우,20,남자,430
296.0,유유찬,20,남자,4240
297.0,심채완,20,남자,1550
299.0,이형우,20,남자,980
300.0,황연우,20,남자,1570
301.0,이진서,20,남자,3220
302.0,남찬희,20,남자,1810
304.0,김호준,20,남자,2440
305.0,이시원,20,남자,3300
307.0,하이환,20,남자,3200
308.0,이유겸,20,남자,2720
309.0,노유준,20,남자,1610
310.0,이규원,20,남자,3710
312.0,이수혁,20,남자,1770
313.0,이태민,20,남자,2880
314.0,이세준,20,남자,1410
315.0,박준기,20,남자,1570
316.0,은민혁,20,남자,3340
317.0,신수환,20,남자,3020
319.0,김명준,20,남자,760
320.0,이리온,20,남자,1450
321.0,윤주찬,20,남자,3510
323.0,윤민결,20,남자,2500
325.0,윤해솔,20,남자,3330
327.0,전지원,20,남자,2800
328.0,이하늘,20,남자,1990
329.0,이동규,20,남자,2600
330.0,이희재,20,남자,1580
333.0,최민율,20,남자,2140
335.0,양준서,20,남자,2530
336.0,김리온,20,남자,1500
338.0,이성욱,20,남자,1420
339.0,김도현,20,남자,3690
340.0,김승현,20,남자,2680
341.0,유지호,20,남자,2910
342.0,홍시우,20,남자,1050
343.0,이지호,20,남자,2660
344.0,박지호,20,남자,2270
345.0,김성원,20,남자,2830
347.0,장호연,20,남자,3440
348.0,남우성,20,남자,1950
349.0,심은율,20,남자,2500
350.0,정서우,20,남자,900
351.0,이민승,20,남자,2840
352.0,박훈,20,남자,3160
353.0,정해인,20,남자,60
354.0,이현석,20,남자,4800
355.0,김준환,20,남자,1280
356.0,허서율,20,남자,1540
357.0,이준희,20,남자,2350
358.0,김준성,20,남자,3410
362.0,송민수,20,남자,2780
367.0,윤서진,20,남자,2530
368.0,유민준,20,남자,1840
370.0,박기범,20,남자,2160
372.0,김유진,20,남자,1500
373.0,윤유호,20,남자,2380
374.0,이영재,20,남자,2590
375.0,이병현,20,남자,3800
377.0,김은우,20,남자,3120
378.0,조시윤,20,남자,1760
379.0,정지훈,20,남자,3030
381.0,오승기,20,남자,3780
382.0,장진우,20,남자,1760
383.0,박서원,20,남자,3160
384.0,임예준,20,남자,1780
386.0,조현준,20,남자,1530
387.0,이우빈,20,남자,1880
388.0,임시완,20,남자,1610
389.0,송주원,20,남자,1720
391.0,황태현,20,남자,3410
393.0,이노아,20,남자,2080
394.0,김주호,20,남자,990
396.0,김영진,20,남자,1810
397.0,김민재,20,남자,2450
398.0,김주한,20,남자,1130
399.0,김연준,20,남자,2010
400.0,김준오,20,남자,2770
402.0,장영우,20,남자,3990
405.0,강현준,20,남자,3480
406.0,문경모,20,남자,2810
407.0,박대현,20,남자,2080
408.0,최시형,20,남자,1830
410.0,황진혁,20,남자,3080
411.0,권선우,20,남자,2810
413.0,양준기,20,남자,350
414.0,김지웅,20,남자,1230
416.0,이온유,20,남자,1500
417.0,봉민근,20,남자,3200
419.0,이여준,20,남자,2520
421.0,정태양,20,남자,860
422.0,박은수,20,남자,2720
426.0,권주한,20,남자,2730
427.0,강예성,20,남자,50
430.0,윤우진,20,남자,1930
432.0,여준서,30,남자,4240
434.0,이이든,30,남자,5620
435.0,이승준,30,남자,4230
437.0,조주혁,30,남자,3620
438.0,김세현,30,남자,3700
440.0,홍승환,30,남자,4710
441.0,백현준,30,남자,4460
443.0,이예준,30,남자,3010
444.0,황준기,30,남자,1410
445.0,전유찬,30,남자,4450
447.0,김태현,30,남자,2010
448.0,최다원,30,남자,1510
449.0,윤현우,30,남자,1550
450.0,박하준,30,남자,4860
451.0,조이든,30,남자,5460
452.0,김성빈,30,남자,3850
453.0,장동호,30,남자,5460
455.0,정준영,30,남자,2800
457.0,이지후,30,남자,5810
458.0,김민준,30,남자,4800
459.0,문동준,30,남자,3920
460.0,김민호,30,남자,2880
462.0,김하준,30,남자,5230
463.0,서해준,30,남자,4250
464.0,정준환,30,남자,3220
465.0,이창민,30,남자,3920
466.0,정성재,30,남자,3890
467.0,이리호,30,남자,4790
468.0,정한결,30,남자,3360
469.0,이다현,30,남자,6000
470.0,박승현,30,남자,5200
471.0,김지훈,30,남자,4400
477.0,김서준,30,남자,4850
478.0,양정후,30,남자,3190
479.0,이서진,30,남자,2270
480.0,김대원,30,남자,4530
481.0,최현민,30,남자,2860
485.0,이주언,30,남자,4820
486.0,김서후,30,남자,2180
488.0,기재환,30,남자,4700
489.0,박민준,30,남자,3630
490.0,오율,30,남자,3950
491.0,박정빈,30,남자,4160
492.0,조우진,30,남자,3410
494.0,원도형,30,남자,4070
495.0,오주헌,30,남자,4800
496.0,김지호,30,남자,3810
497.0,정강윤,30,남자,5020
500.0,곽세준,30,남자,4030
503.0,안기현,30,남자,3600
504.0,고윤석,30,남자,3430
505.0,김원준,30,남자,2030
506.0,이윤재,30,남자,3310
508.0,윤민준,30,남자,4150
509.0,백재민,30,남자,4630
510.0,배연우,30,남자,3130
512.0,김성준,30,남자,3250
514.0,윤로운,30,남자,3040
517.0,김성주,30,남자,4440
518.0,김유한,30,남자,3720
519.0,유민,30,남자,5270
520.0,조주안,30,남자,3140
521.0,김민우,30,남자,4620
522.0,조준석,30,남자,4000
523.0,이도진,30,남자,2680
525.0,손예승,30,남자,4570
526.0,정원,30,남자,4870
527.0,최동혁,30,남자,4950
528.0,최채민,30,남자,4220
529.0,이우진,30,남자,4500
530.0,박건우,30,남자,4510
531.0,윤지혁,30,남자,3680
532.0,정유준,30,남자,2590
533.0,한도하,40,남자,3950
534.0,배형진,40,남자,5090
535.0,염혜성,40,남자,4340
536.0,한하윤,40,남자,4850
537.0,박지섭,40,남자,2910
538.0,편지한,40,남자,5960
539.0,정은호,40,남자,3190
541.0,권시현,40,남자,6790
542.0,고지후,40,남자,5400
543.0,최도영,40,남자,5500
544.0,박유환,40,남자,5780
545.0,한리우,40,남자,4080
546.0,서정인,40,남자,4970
547.0,노이준,40,남자,4770
548.0,조주한,40,남자,5880
549.0,김선율,40,남자,4770
550.0,김지후,40,남자,5170
551.0,이승민,40,남자,2940
552.0,최예준,40,남자,4280
553.0,조대한,40,남자,3880
555.0,이태환,40,남자,3990
556.0,김동우,40,남자,5570
558.0,김민재,40,남자,6830
559.0,송선우,40,남자,4610
560.0,강동빈,40,남자,3320
561.0,이한서,40,남자,5990
563.0,한우영,40,남자,4740
566.0,김영민,40,남자,4180
567.0,소슬찬,40,남자,4690
568.0,김다엘,40,남자,3810
569.0,김은호,40,남자,4760
570.0,이지환,40,남자,3760
571.0,박신우,40,남자,7420
572.0,이준영,40,남자,4550
574.0,장도헌,40,남자,4000
575.0,이도연,40,남자,4880
576.0,김정호,40,남자,3580
577.0,하성환,40,남자,3900
579.0,권인호,40,남자,5480
580.0,김지윤,40,남자,6630
581.0,김은준,40,남자,5510
582.0,성예준,40,남자,4130
583.0,이준영,40,남자,5480
584.0,이시우,40,남자,3270
586.0,정재용,40,남자,5820
588.0,이준서,40,남자,5630
589.0,김찬호,40,남자,5720
590.0,류정빈,40,남자,2310
592.0,안도엽,40,남자,4660
593.0,박시호,40,남자,4590
595.0,신성우,40,남자,5320
597.0,김유현,40,남자,5440
598.0,홍민준,40,남자,5010
599.0,이요셉,40,남자,4230
600.0,정현준,40,남자,5110
601.0,김호윤,40,남자,3810
603.0,김민재,40,남자,4060
605.0,안강,40,남자,5680
607.0,윤시후,40,남자,4720
609.0,최용진,40,남자,5950
610.0,이지헌,40,남자,4680
612.0,이승유,40,남자,6560
613.0,이민율,40,남자,5100
617.0,안강우,40,남자,5300
618.0,홍준후,40,남자,5780
620.0,강형우,40,남자,4800
621.0,이시헌,40,남자,6140
622.0,정상훈,40,남자,3380
624.0,김준서,40,남자,4130
625.0,조민혁,40,남자,5240
626.0,양단우,40,남자,3540
627.0,최준서,40,남자,7520
628.0,윤은찬,40,남자,4300
630.0,하성율,40,남자,5330
633.0,김종혁,40,남자,4880
635.0,정유한,40,남자,3570
636.0,하준원,40,남자,5730
637.0,허강현,40,남자,6870
638.0,박호진,40,남자,7510
639.0,이현우,40,남자,3800
640.0,최승윤,40,남자,3970
642.0,정서준,40,남자,5330
644.0,이주한,40,남자,4820
645.0,이지운,40,남자,4610
646.0,장찬우,40,남자,6240
647.0,이윤우,40,남자,3770
648.0,진온유,40,남자,5480
650.0,조승현,40,남자,5200
652.0,양주하,50,남자,4130
653.0,이아준,50,남자,5720
654.0,한서준,50,남자,3640
655.0,임재준,50,남자,6580
657.0,신동근,50,남자,3900
662.0,이호준,50,남자,5020
663.0,박성율,50,남자,3860
665.0,장민건,50,남자,7300
666.0,이주원,50,남자,5270
667.0,김지안,50,남자,6130
669.0,박정호,50,남자,5700
670.0,장요한,50,남자,6520
671.0,김도윤,50,남자,4850
672.0,장승재,50,남자,3320
673.0,김시우,50,남자,4810
675.0,김승민,50,남자,5190
677.0,이은우,50,남자,2930
678.0,김이현,50,남자,5040
679.0,나은결,50,남자,4400
684.0,안태건,50,남자,4640
686.0,이지오,50,남자,4570
687.0,제갈태희,50,남자,5290
688.0,이한울,50,남자,5690
689.0,임창민,50,남자,3910
690.0,고찬호,50,남자,6090
693.0,윤건율,60,남자,2310
694.0,김요셉,60,남자,1420
695.0,김유진,60,남자,2820
696.0,문찬빈,60,남자,1680
698.0,송재영,60,남자,3050
699.0,김태욱,60,남자,3420
701.0,임범서,60,남자,2640
702.0,황다훈,60,남자,2780
703.0,유주영,60,남자,1560
704.0,유리한,60,남자,3420
705.0,김시우,60,남자,4970
706.0,고세윤,60,남자,3270
707.0,이수현,60,남자,3050
708.0,강혁,60,남자,3160
709.0,김건하,60,남자,3220
710.0,이예찬,60,남자,2140
712.0,김승준,60,남자,2690
713.0,김영진,60,남자,790
714.0,박현성,60,남자,3160
715.0,장우진,60,남자,3260
716.0,조하윤,60,남자,1600
718.0,이민승,60,남자,3050
720.0,곽동민,60,남자,2980
721.0,박승호,60,남자,3060
722.0,김도윤,60,남자,3310
724.0,이시호,60,남자,2710
725.0,김지호,60,남자,4140
726.0,최민준,60,남자,3300
727.0,곽도경,10,여자,990
728.0,남해나,10,여자,2120
729.0,이지원,10,여자,2620
731.0,임지우,10,여자,750
732.0,이수인,10,여자,230
733.0,최수진,10,여자,2810
734.0,박서빈,10,여자,150
737.0,김지현,10,여자,1410
738.0,고예림,10,여자,1530
740.0,차시호,10,여자,2350
741.0,허지나,10,여자,1060
742.0,김세빈,10,여자,1570
746.0,최하경,10,여자,2180
747.0,선소현,10,여자,520
749.0,전하윤,10,여자,280
750.0,최예진,10,여자,960
751.0,이가율,10,여자,300
752.0,정서연,10,여자,300
754.0,김지영,10,여자,540
757.0,황세희,10,여자,1810
758.0,최서현,10,여자,590
759.0,원소민,10,여자,310
760.0,백이담,10,여자,200
761.0,조예빈,10,여자,1540
762.0,전하루,10,여자,2400
763.0,나은비,10,여자,80
764.0,장다경,10,여자,120
765.0,손한별,10,여자,440
17143.0,김이현,10,여자,650
767.0,김서연,10,여자,140
769.0,최아람,10,여자,1690
771.0,이희윤,10,여자,1020
773.0,조연우,10,여자,970
776.0,송하리,10,여자,80
777.0,방지호,10,여자,1910
779.0,신라윤,10,여자,270
780.0,김시윤,10,여자,1170
781.0,전도하,10,여자,940
783.0,이하은,10,여자,730
784.0,노현아,10,여자,180
785.0,진지윤,10,여자,830
786.0,임연아,10,여자,840
787.0,유다연,10,여자,130
788.0,김정현,10,여자,590
789.0,조지선,10,여자,950
790.0,이태림,10,여자,1360
791.0,최시연,10,여자,30
792.0,장은설,10,여자,200
794.0,이주아,10,여자,1900
795.0,최로은,10,여자,820
798.0,정하리,10,여자,960
799.0,조민하,10,여자,1490
800.0,김채원,10,여자,350
801.0,정채은,10,여자,1920
802.0,조가은,10,여자,620
803.0,임윤주,10,여자,0
804.0,김루아,10,여자,1510
805.0,김가은,10,여자,1970
808.0,김지율,10,여자,1790
809.0,이수연,10,여자,460
810.0,오민서,10,여자,150
811.0,김민아,10,여자,2610
812.0,황나은,10,여자,190
813.0,강현진,10,여자,300
814.0,지지아,10,여자,170
815.0,박나현,10,여자,380
816.0,김채령,10,여자,1260
817.0,김민채,10,여자,1520
818.0,유나희,10,여자,980
819.0,최효린,10,여자,100
820.0,김지희,10,여자,120
821.0,김로하,10,여자,1950
822.0,이효정,10,여자,130
824.0,김선빈,10,여자,290
825.0,이지민,10,여자,30
827.0,금예지,10,여자,220
828.0,서민주,10,여자,320
830.0,박현지,10,여자,1030
832.0,최서인,10,여자,1260
835.0,박지아,10,여자,1730
836.0,박희원,10,여자,1100
839.0,김린,10,여자,2590
840.0,장채민,10,여자,570
841.0,최현경,10,여자,1250
842.0,전지아,10,여자,30
843.0,이지은,10,여자,1270
844.0,박예솔,10,여자,620
845.0,김서원,10,여자,290
847.0,장여름,10,여자,410
850.0,강선아,10,여자,700
853.0,박나린,10,여자,620
854.0,한다영,10,여자,2290
855.0,이진영,10,여자,2100
856.0,강해나,10,여자,1670
858.0,이서원,10,여자,1080
859.0,이지은,10,여자,1920
860.0,김루비,10,여자,1030
861.0,추려원,10,여자,2550
862.0,김수인,10,여자,980
863.0,심희주,10,여자,850
866.0,이조이,10,여자,1660
867.0,이가윤,10,여자,920
868.0,강은채,10,여자,1090
869.0,지다연,10,여자,1070
870.0,배주아,10,여자,890
871.0,권윤슬,10,여자,990
872.0,장윤정,10,여자,1510
874.0,박정원,10,여자,1300
875.0,이해린,10,여자,750
876.0,강이설,10,여자,1150
877.0,이솔,10,여자,2240
878.0,이다온,10,여자,500
879.0,양나경,10,여자,1720
881.0,진세린,10,여자,1700
882.0,박윤서,10,여자,660
884.0,방다인,10,여자,1600
885.0,정채율,10,여자,950
887.0,유리온,10,여자,1090
888.0,정예원,10,여자,340
890.0,최지혜,10,여자,50
892.0,서혜리,10,여자,770
893.0,장서영,10,여자,270
895.0,김지안,10,여자,430
896.0,문예설,10,여자,1120
897.0,조서아,10,여자,680
899.0,황정은,10,여자,1060
900.0,길지아,10,여자,1160
902.0,허소율,10,여자,1740
904.0,이소연,10,여자,2060
905.0,최가희,10,여자,440
906.0,서가윤,10,여자,2100
907.0,박예인,10,여자,230
910.0,서주은,10,여자,980
911.0,송예영,10,여자,550
913.0,박가민,10,여자,160
914.0,최세영,10,여자,1630
916.0,손예은,10,여자,1530
917.0,정지아,10,여자,980
918.0,김서영,10,여자,80
920.0,최지윤,10,여자,300
921.0,최수연,10,여자,900
99224.0,이경민,10,여자,1800
923.0,장서후,10,여자,190
924.0,서서연,10,여자,200
925.0,차수경,10,여자,580
926.0,홍효은,10,여자,1220
928.0,김리안,10,여자,1260
929.0,이다겸,10,여자,950
932.0,이수아,10,여자,1870
933.0,지리나,10,여자,1090
934.0,김시아,10,여자,1180
935.0,이민주,10,여자,10
17320.0,김연아,10,여자,1210
937.0,이주혜,10,여자,1000
938.0,이시현,10,여자,2310
939.0,성서은,10,여자,1760
940.0,김진아,10,여자,900
943.0,박이진,10,여자,1000
944.0,김미진,10,여자,1340
945.0,박보현,10,여자,680
946.0,옥지안,10,여자,270
947.0,채아윤,10,여자,230
948.0,윤민서,10,여자,890
949.0,박새봄,10,여자,1420
950.0,김하윤,10,여자,1540
951.0,김예은,10,여자,1570
954.0,안은채,10,여자,960
956.0,김솜,10,여자,540
957.0,김성연,10,여자,2110
958.0,김지혜,10,여자,40
959.0,김하이,10,여자,1340
960.0,최지영,10,여자,1110
964.0,이세연,10,여자,180
965.0,백유경,10,여자,1760
966.0,이제이,10,여자,1650
968.0,정하린,10,여자,710
969.0,김하린,10,여자,490
970.0,박민정,10,여자,1450
971.0,이한별,10,여자,1770
972.0,김하윤,10,여자,970
974.0,정리원,10,여자,2080
975.0,곽경원,10,여자,1910
976.0,김리아,10,여자,580
977.0,문정아,10,여자,890
978.0,김민지,10,여자,1360
979.0,남채원,10,여자,190
981.0,이은서,10,여자,1060
982.0,김수아,10,여자,1110
983.0,최유솔,10,여자,840
984.0,강제아,10,여자,1390
987.0,김리안,10,여자,1560
988.0,방예나,10,여자,410
989.0,김수연,10,여자,1430
990.0,왕다율,10,여자,2110
991.0,김주현,10,여자,690
992.0,황현서,10,여자,110
994.0,곽수연,10,여자,790
995.0,오현,10,여자,1200
996.0,이시현,10,여자,1910
998.0,이소민,10,여자,1490
999.0,윤아랑,10,여자,540
1000.0,김나래,10,여자,2810
1003.0,이가원,10,여자,940
1006.0,임희선,10,여자,40
1007.0,김아린,10,여자,1460
1009.0,최채안,10,여자,290
1011.0,유태연,10,여자,1850
1012.0,정설희,10,여자,3050
1013.0,권가윤,10,여자,3020
1014.0,신로이,10,여자,350
1016.0,이다은,10,여자,1040
1017.0,김한비,10,여자,950
1018.0,임하린,10,여자,1120
1019.0,유서아,10,여자,510
1022.0,문윤서,10,여자,580
1023.0,최가은,10,여자,3780
1024.0,이채윤,10,여자,860
1025.0,강윤아,10,여자,1020
1027.0,윤세나,10,여자,1930
1028.0,한나은,10,여자,590
1030.0,이서원,10,여자,600
1031.0,민해린,10,여자,1660
1032.0,박여름,10,여자,320
1034.0,임해윤,10,여자,2080
1035.0,박보미,10,여자,760
1036.0,윤시은,10,여자,140
1037.0,최민정,10,여자,1550
1038.0,이은채,10,여자,580
1040.0,오윤설,10,여자,780
1042.0,강유진,10,여자,180
1043.0,김여원,10,여자,270
1044.0,전유진,10,여자,1880
1045.0,인나영,10,여자,320
1048.0,구서윤,10,여자,2230
1049.0,박서윤,10,여자,240
1050.0,장서현,10,여자,1400
1051.0,김연재,10,여자,1090
1052.0,이수민,10,여자,1920
1055.0,한진영,10,여자,40
1057.0,최서연,10,여자,1670
1058.0,이다솔,10,여자,180
1061.0,강나경,10,여자,460
1062.0,박아윤,10,여자,780
1063.0,임시영,10,여자,60
1064.0,최태리,10,여자,480
1065.0,강서우,10,여자,570
1066.0,이서아,10,여자,1900
1067.0,김채율,10,여자,620
1068.0,박선민,10,여자,1730
1070.0,윤누리,10,여자,80
1072.0,전민서,10,여자,580
1074.0,박지안,20,여자,510
1075.0,송아현,20,여자,2110
1077.0,권시우,20,여자,1100
1078.0,김예나,20,여자,1680
1079.0,남재아,20,여자,3530
1081.0,안세리,20,여자,1530
1083.0,최하린,20,여자,4060
1086.0,권서율,20,여자,990
1087.0,양수예,20,여자,670
1088.0,이지우,20,여자,1590
1090.0,김다경,20,여자,2210
1092.0,전수아,20,여자,2870
1093.0,김서진,20,여자,3560
1094.0,홍재이,20,여자,1590
1095.0,문민정,20,여자,2350
1096.0,안다원,20,여자,2170
1097.0,김아현,20,여자,1260
1098.0,정지율,20,여자,1720
1102.0,황지원,20,여자,2860
1103.0,박주이,20,여자,1710
1104.0,이가율,20,여자,1480
1110.0,배은재,20,여자,2560
1111.0,정주리,20,여자,3200
1112.0,서여은,20,여자,2680
1113.0,박수하,20,여자,2770
1114.0,임리나,20,여자,1260
1115.0,연예린,20,여자,3320
1116.0,최시아,20,여자,3620
1119.0,김지아,20,여자,2510
1120.0,이예람,20,여자,220
1121.0,최효빈,20,여자,1360
1122.0,이은서,20,여자,1870
1123.0,이은채,20,여자,30
1124.0,윤채아,20,여자,1390
1125.0,황서린,20,여자,1950
1126.0,김효린,20,여자,4280
1128.0,하지희,20,여자,2700
1129.0,진서연,20,여자,3050
1130.0,오은아,20,여자,1830
1131.0,박혜인,20,여자,110
1132.0,최은지,20,여자,1480
1133.0,신서진,20,여자,2590
1134.0,김루아,20,여자,2870
1135.0,김서린,20,여자,2160
1137.0,권이든,20,여자,1370
1138.0,김지우,20,여자,3500
1139.0,이지안,20,여자,3490
1140.0,오지유,20,여자,2990
1141.0,이서하,20,여자,2480
1142.0,조이설,20,여자,2790
1144.0,현수빈,20,여자,1650
1145.0,김제니,20,여자,2730
1147.0,이수아,20,여자,2100
1149.0,이시우,20,여자,2120
1150.0,심서하,20,여자,1290
1152.0,류하율,20,여자,2490
1153.0,최서율,20,여자,2940
1155.0,황해린,20,여자,3370
1157.0,윤유은,20,여자,2550
1158.0,이아윤,20,여자,2570
1159.0,김나래,20,여자,4060
1160.0,오한빛,20,여자,2970
1161.0,이우주,20,여자,3480
1162.0,변조이,20,여자,2290
1163.0,강재이,20,여자,330
1164.0,나주연,20,여자,2300
1167.0,정지안,20,여자,3350
1168.0,정수빈,20,여자,1540
1169.0,김온유,20,여자,2940
1170.0,이지현,20,여자,3870
1172.0,박유라,20,여자,2250
1173.0,정예지,20,여자,1450
1174.0,이서경,20,여자,2590
1175.0,이예빈,20,여자,1470
1176.0,이하윤,20,여자,2210
1177.0,김보미,20,여자,340
1178.0,황세이,20,여자,2940
1179.0,마시은,20,여자,1680
1180.0,이서윤,20,여자,1870
1181.0,조나연,20,여자,1830
1182.0,김은율,20,여자,1290
1183.0,정세은,20,여자,2600
1184.0,김다온,20,여자,3470
1185.0,허규빈,20,여자,2370
1186.0,이예슬,20,여자,3750
1187.0,황다온,20,여자,1820
1189.0,이은유,20,여자,1370
1190.0,이나예,20,여자,2760
1191.0,이경민,20,여자,2450
1192.0,류소현,20,여자,2090
1193.0,성정빈,20,여자,2380
1195.0,박하임,20,여자,1820
1196.0,원지안,20,여자,2200
1197.0,박은율,20,여자,300
1198.0,엄연희,20,여자,810
1199.0,임예소,20,여자,2480
1200.0,정현지,20,여자,2480
1201.0,안서하,20,여자,2690
1202.0,박유정,20,여자,4110
1203.0,박나예,20,여자,1150
1204.0,박세영,20,여자,2070
1205.0,서소예,20,여자,1290
1206.0,이다율,20,여자,2130
1207.0,이지안,20,여자,1370
1208.0,김민영,20,여자,2980
1210.0,김하리,20,여자,2250
1211.0,김유빈,20,여자,2570
1213.0,김승원,20,여자,2660
1214.0,김별,20,여자,1370
1215.0,김가윤,20,여자,2810
1216.0,심시우,20,여자,2990
17602.0,정나현,20,여자,670
1218.0,정하령,20,여자,1400
1220.0,강지우,20,여자,780
1221.0,양예린,20,여자,2420
1222.0,이예람,20,여자,3720
1224.0,안채율,20,여자,840
1225.0,이예나,20,여자,2660
1226.0,박하영,20,여자,3020
1227.0,정이은,20,여자,3520
1229.0,박세린,20,여자,2270
1231.0,황레아,20,여자,2720
1232.0,이효빈,20,여자,2030
1233.0,박윤서,20,여자,840
1234.0,심우리,20,여자,2120
1236.0,이서희,20,여자,1620
1238.0,김다혜,20,여자,1200
1239.0,이호연,20,여자,3430
1240.0,김서윤,20,여자,3650
1241.0,이채아,20,여자,2750
1242.0,안가을,20,여자,1920
1243.0,김규림,20,여자,1670
1244.0,송하엘,20,여자,2110
1245.0,김하윤,20,여자,1560
1246.0,김해린,20,여자,3830
1247.0,김도희,20,여자,2560
1248.0,윤다경,20,여자,3290
1249.0,김하린,20,여자,2770
1250.0,박예온,20,여자,840
1251.0,허솔이,20,여자,2940
1255.0,이진이,20,여자,1360
1256.0,김세은,20,여자,2480
1258.0,박유미,20,여자,3280
1259.0,김안나,20,여자,1530
1261.0,유서윤,20,여자,2110
1262.0,이나현,20,여자,1480
1266.0,함안나,20,여자,3420
1267.0,지세진,20,여자,1420
1268.0,김정연,20,여자,3520
1269.0,이가현,20,여자,2300
1270.0,김윤지,20,여자,2570
1271.0,김유라,20,여자,2670
1272.0,윤아린,20,여자,2480
1273.0,정시은,20,여자,2820
1274.0,탁가은,20,여자,1740
1275.0,나재원,20,여자,2220
1277.0,이나경,20,여자,4190
1278.0,신규민,20,여자,3630
1279.0,전새론,20,여자,2810
1280.0,봉소윤,20,여자,1730
1281.0,문한비,20,여자,3000
1282.0,박이안,20,여자,4370
1283.0,라가연,20,여자,2040
1285.0,조호연,20,여자,3430
1287.0,김수정,20,여자,1970
1288.0,조지율,20,여자,2000
1289.0,배로희,20,여자,3360
1290.0,박아윤,20,여자,1580
1291.0,하하이,20,여자,1110
1292.0,정리안,20,여자,3810
1293.0,권아현,20,여자,30
1294.0,박예나,20,여자,1080
1295.0,김도윤,20,여자,3950
1297.0,전유나,20,여자,2590
1298.0,서민하,20,여자,2600
1299.0,우다윤,20,여자,2830
1300.0,장예은,20,여자,950
1301.0,이리윤,20,여자,1360
1302.0,박혜원,20,여자,2150
1303.0,문해인,20,여자,3150
1304.0,정예나,20,여자,3250
1306.0,박윤서,20,여자,2450
1307.0,김라은,20,여자,2260
1308.0,안채빈,20,여자,340
1310.0,강하원,20,여자,1930
1311.0,황온유,20,여자,2590
1316.0,조리원,20,여자,2160
1317.0,유이서,20,여자,1040
1319.0,정재연,20,여자,3810
1320.0,최혜원,20,여자,3030
1322.0,송별하,20,여자,2430
1324.0,윤하윤,30,여자,2930
1325.0,정가빈,30,여자,3610
1327.0,이승희,30,여자,4500
1328.0,김세아,30,여자,3330
1329.0,조세아,30,여자,2810
1331.0,김다솔,30,여자,3500
1332.0,박새봄,30,여자,3120
1333.0,권지수,30,여자,4510
1336.0,이지아,30,여자,4280
1337.0,윤민유,30,여자,3590
1341.0,윤보미,30,여자,2180
1342.0,양예원,30,여자,2260
1343.0,이태린,30,여자,3280
1344.0,남궁윤아,30,여자,2580
1345.0,김세은,30,여자,3740
1346.0,이지유,30,여자,4320
1348.0,김재은,30,여자,3640
1349.0,장서현,30,여자,780
1353.0,노지윤,30,여자,3030
1354.0,박희서,30,여자,4650
1357.0,강서유,30,여자,1670
1358.0,장민주,30,여자,4980
1359.0,하다경,30,여자,4330
1363.0,박다민,30,여자,590
1365.0,차은주,30,여자,4030
1366.0,박가빈,30,여자,2050
1367.0,김로운,30,여자,2310
1368.0,이아린,30,여자,3430
1369.0,박담희,30,여자,2010
1371.0,박유린,30,여자,2470
1373.0,조아윤,30,여자,2260
1374.0,박은우,30,여자,3390
1375.0,이인서,30,여자,1970
1376.0,남서원,30,여자,670
1377.0,고승희,30,여자,2340
1378.0,김솔지,30,여자,3940
1379.0,소은별,30,여자,3850
1380.0,최나율,30,여자,3170
1381.0,김나린,30,여자,3690
1382.0,이윤아,30,여자,3220
1383.0,강예린,30,여자,2830
1384.0,박서은,30,여자,3180
1385.0,양나린,30,여자,2250
1386.0,김혜원,30,여자,3240
1387.0,권윤주,30,여자,3470
1388.0,윤수아,30,여자,4450
1390.0,이루희,30,여자,2160
1391.0,이나연,30,여자,2980
1392.0,최소원,30,여자,1510
1393.0,윤은선,30,여자,3740
1394.0,신현아,30,여자,3110
1396.0,유나라,30,여자,3010
1397.0,정현진,30,여자,1590
1398.0,진희진,30,여자,3270
1400.0,정다인,30,여자,790
1401.0,전예솔,30,여자,3270
1402.0,변혜승,30,여자,3590
1403.0,이로운,30,여자,2950
1404.0,백소정,30,여자,4820
1405.0,문채령,30,여자,3840
1406.0,김연서,30,여자,2660
1407.0,라경은,30,여자,3550
1408.0,여혜린,30,여자,3400
1409.0,김지현,30,여자,3270
1410.0,정다경,30,여자,3600
1411.0,오수연,30,여자,3820
1412.0,서시우,30,여자,4250
1415.0,이라온,30,여자,250
1416.0,최지영,30,여자,2760
1417.0,손정민,30,여자,2330
1418.0,이나겸,30,여자,4670
1420.0,윤하연,30,여자,3350
1421.0,엄가은,30,여자,1210
1422.0,김은서,30,여자,2550
1423.0,정채윤,30,여자,3650
1424.0,이서윤,30,여자,3160
1427.0,김효린,30,여자,2850
1429.0,최은솔,30,여자,2910
1430.0,이규원,30,여자,2930
1431.0,문미소,30,여자,4310
1432.0,최시아,30,여자,3190
1435.0,김여원,30,여자,2580
1437.0,강주영,30,여자,2320
1438.0,권다온,30,여자,3750
1439.0,조서영,30,여자,3550
1441.0,박서아,30,여자,2670
1442.0,송별하,30,여자,3040
1443.0,이태린,30,여자,2460
1444.0,류나윤,30,여자,3060
1445.0,이다경,30,여자,2500
1447.0,배세령,30,여자,3800
1449.0,윤애린,30,여자,3240
1450.0,김서아,30,여자,4570
1451.0,장태린,30,여자,2290
1454.0,이유이,30,여자,2450
1457.0,김윤아,30,여자,3100
1459.0,박윤아,30,여자,3120
1460.0,오민서,30,여자,3810
1461.0,장가람,30,여자,3350
1462.0,김시율,30,여자,4310
1463.0,이나은,30,여자,3290
1464.0,조연지,30,여자,3750
1469.0,유해윤,30,여자,3910
1471.0,김하라,30,여자,1360
1472.0,이민채,30,여자,3330
1473.0,강예람,30,여자,1470
1474.0,조소연,30,여자,3760
1475.0,김보미,30,여자,4920
1477.0,조서윤,30,여자,3200
1480.0,서다인,30,여자,3750
1482.0,곽예린,30,여자,2180
1483.0,김서경,30,여자,4860
1485.0,문레아,30,여자,3640
1488.0,최채린,30,여자,3480
1489.0,하태희,30,여자,4600
1490.0,이서정,30,여자,1790
1491.0,권하윤,30,여자,3460
1492.0,천하경,30,여자,2330
1494.0,정채아,30,여자,2800
1496.0,장지효,30,여자,2570
1497.0,이은재,30,여자,3430
1498.0,송예온,30,여자,3690
1499.0,권예린,30,여자,2650
1500.0,양세하,30,여자,3970
1502.0,박지우,40,여자,2290
1503.0,박규빈,40,여자,3140
1505.0,김해윤,40,여자,3640
1506.0,조소현,40,여자,2170
1507.0,한이솔,40,여자,2150
1508.0,이하율,40,여자,2810
1509.0,조정원,40,여자,2880
1510.0,이채민,40,여자,3330
1511.0,김서은,40,여자,3110
1512.0,김민서,40,여자,3350
1514.0,김주아,40,여자,5580
1515.0,문아민,40,여자,3450
1516.0,진주은,40,여자,3860
1518.0,박소율,40,여자,2450
1519.0,김리현,40,여자,2570
1520.0,김소희,40,여자,3410
1521.0,김라율,40,여자,3540
1522.0,남예리,40,여자,4000
1523.0,백소은,40,여자,2800
1524.0,양예은,40,여자,1350
1525.0,이하윤,40,여자,2170
1526.0,권하영,40,여자,2340
1527.0,문세나,40,여자,1580
1528.0,김서현,40,여자,1360
1529.0,조서율,40,여자,3040
1530.0,안주아,40,여자,3560
1531.0,한가인,40,여자,1400
1532.0,정나연,40,여자,4870
1533.0,임아영,40,여자,1890
1534.0,홍하린,40,여자,4520
1535.0,김지원,40,여자,2040
1536.0,이지우,40,여자,3240
1537.0,권유주,40,여자,3650
1538.0,김민주,40,여자,1780
1540.0,임지우,40,여자,4390
1541.0,김효리,40,여자,2820
1544.0,김리원,40,여자,5720
1545.0,노다원,40,여자,2840
1546.0,여송연,40,여자,2920
1547.0,배현진,40,여자,4460
1552.0,조지우,40,여자,4350
1555.0,왕세정,40,여자,4200
1556.0,구서현,40,여자,3060
1558.0,김정빈,40,여자,2070
1559.0,김예빈,40,여자,2080
1560.0,오은주,40,여자,4950
1561.0,이은희,40,여자,4850
1562.0,진지우,40,여자,3360
1563.0,이은하,40,여자,3170
1564.0,이온유,40,여자,5150
1565.0,김시윤,40,여자,3250
1566.0,박승희,40,여자,3300
1567.0,이지우,40,여자,2450
1568.0,김지현,40,여자,3590
1569.0,주유진,40,여자,4840
1570.0,반현경,40,여자,3180
1572.0,김하윤,40,여자,2720
1574.0,임서율,40,여자,3250
1575.0,조하현,40,여자,3300
1576.0,권지영,40,여자,3380
1578.0,최나현,40,여자,5130
1580.0,진지아,40,여자,3080
1581.0,이가연,40,여자,3480
1582.0,조소유,40,여자,4240
1583.0,황시유,40,여자,3460
1584.0,홍윤하,40,여자,3750
1585.0,김지아,40,여자,1310
1586.0,이하온,40,여자,4430
1587.0,강소윤,40,여자,2970
1588.0,김연후,40,여자,3600
1590.0,박민서,40,여자,3290
1591.0,김소윤,40,여자,3550
1595.0,최주희,40,여자,2300
1596.0,천은빈,40,여자,3620
1597.0,최규린,40,여자,2990
1598.0,진가윤,40,여자,2570
1599.0,조지나,40,여자,4490
1600.0,강주희,40,여자,3010
1601.0,김채윤,40,여자,4490
1602.0,이연지,40,여자,4870
1603.0,원리원,40,여자,3710
1604.0,오가인,40,여자,3160
1605.0,권여은,40,여자,3600
1606.0,백채빈,40,여자,3760
1609.0,허연아,40,여자,3760
1612.0,이연아,40,여자,3060
1614.0,정윤채,40,여자,4940
1615.0,백수희,40,여자,4630
1616.0,박시하,40,여자,2710
1617.0,김윤비,40,여자,3550
1618.0,임세인,40,여자,2520
1619.0,한윤슬,40,여자,2980
1620.0,김나은,40,여자,4050
1621.0,석유주,40,여자,3570
1622.0,김도연,40,여자,2850
1624.0,이경민,40,여자,3070
1630.0,정시은,40,여자,2990
1631.0,조예슬,40,여자,3320
1632.0,윤예린,40,여자,3990
1633.0,진지아,40,여자,2220
1634.0,이소미,40,여자,1140
1635.0,김시은,40,여자,3440
1636.0,신태이,40,여자,3460
1637.0,김유은,40,여자,840
1638.0,김서아,40,여자,2470
1639.0,이세원,40,여자,1600
1641.0,서설아,40,여자,4280
1642.0,박미나,40,여자,2360
1644.0,김은솔,40,여자,3070
1645.0,오별하,40,여자,2590
1646.0,정소진,40,여자,2830
1647.0,이지우,40,여자,3440
1648.0,박예은,40,여자,3650
1649.0,장새별,40,여자,2160
1650.0,유효원,40,여자,2390
1651.0,최리원,40,여자,2800
1652.0,권다인,40,여자,3290
1653.0,안가희,40,여자,1550
1654.0,권라희,40,여자,2010
1655.0,조서우,40,여자,1950
1658.0,김보영,40,여자,3720
1659.0,황지연,40,여자,2780
1660.0,이서하,40,여자,3590
1662.0,우수인,50,여자,4980
1664.0,김가온,50,여자,2830
1665.0,김서진,50,여자,2560
1666.0,이서현,50,여자,3020
1668.0,장세라,50,여자,2220
1669.0,황가령,50,여자,1180
1671.0,채지후,50,여자,2630
1672.0,표서형,50,여자,2380
1674.0,김하엘,50,여자,3940
1675.0,지다솜,50,여자,2860
1676.0,남하율,50,여자,3680
1677.0,유한나,50,여자,3440
1678.0,김서현,50,여자,2250
1680.0,정시연,50,여자,2680
1681.0,김연주,50,여자,4160
1682.0,최지온,50,여자,2540
1683.0,공하율,50,여자,2560
1685.0,박아름,50,여자,2610
1686.0,김보라,50,여자,2550
1687.0,전윤지,50,여자,1550
1688.0,조효인,50,여자,2710
1689.0,최보경,50,여자,340
1691.0,허유진,50,여자,2940
1692.0,고송연,50,여자,2950
1693.0,나진,50,여자,1830
1695.0,백효원,50,여자,1160
1697.0,김은서,50,여자,3320
1698.0,이지온,50,여자,2350
1699.0,손태영,50,여자,4330
1702.0,연서아,50,여자,470
1703.0,조서현,50,여자,4020
1704.0,조지현,50,여자,2700
1705.0,라하랑,50,여자,1850
1707.0,김슬기,50,여자,3940
1708.0,이하정,60,여자,1610
1711.0,채채빈,60,여자,170
1713.0,구지인,60,여자,1500
1715.0,박우림,60,여자,240
1716.0,이이나,60,여자,1830
1717.0,위진서,60,여자,1120
1718.0,장리온,60,여자,700
1720.0,박정아,60,여자,1150
1721.0,최해인,60,여자,620
1722.0,조혜진,60,여자,180
1723.0,손예송,60,여자,1160
1725.0,이예원,60,여자,1570
1726.0,강지민,60,여자,1170
1727.0,김민유,60,여자,2210
1729.0,정선우,60,여자,1750
1730.0,조다민,60,여자,1700
1731.0,고주은,60,여자,60
1732.0,박지연,60,여자,1470
1733.0,이리나,60,여자,2670
1734.0,박이안,60,여자,990
1735.0,이현지,60,여자,1560
1736.0,강아윤,60,여자,2860
100042.0,고서율,60,여자,1520
1738.0,권세하,60,여자,2480
1739.0,김소영,60,여자,850
1740.0,김유이,60,여자,2640
1741.0,장소희,60,여자,2790
1742.0,정주윤,60,여자,1730
1743.0,김이담,60,여자,280
1747.0,오보라,60,여자,1050
231213.0,김나래,60,여자,1420
133769.0,임시현,60,여자,920
167422.0,박나희,60,여자,1980
45970.0,임이수,60,여자,1370
160768.0,강희서,60,여자,1250
13325.0,최유림,60,여자,710
38957.0,구시연,60,여자,1970
129361.0,박윤하,60,여자,2360
212676.0,박유리,60,여자,2670
